"","gender","matchPercent"
"1",0,0.164246718108742
"2",1,0.158060959967317
