"","gender","ID","matchPercent","pRateAttr","pRateSincere","pRateIntell","pRateFun","pRateAmb","pRateShared","pApproval","pLikePercent","importanceRace","importanceReligion","wantsAttr","wantsSincere","wantsIntell","wantsFun","wantsAmb","wantsShared","otherGenderWantsAttr","otherGenderWantsIntell","otherGenderWantsFun","otherGenderWantsAmb","otherGenderWantsShared","selfRateAttr","selfRateSincere","selfRateIntell","selfRateFun","selfRateAmb","sameGenderWantsAttr","sameGenderWantsSincere","sameGenderWantsIntell","sameGenderWantsFun","sameGenderWantsAmb","sameGenderWantsShared"
"1",0,381.966887417219,0.164246718108742,6.3903335761832,7.28029165235355,7.24840019775717,6.50496344339941,6.54066663234569,5.51147758464127,0.468808358084187,6.24851991206134,3.75496688741722,4.08609271523179,18.7262913907285,18.8786092715232,20.9117218543046,16.8786092715232,11.7130463576159,12.8587417218543,38.6953642384106,11.5364238410596,18.9867549668874,8.19205298013245,12.4238410596026,7.18543046357616,8.59602649006623,8.21854304635762,7.78807947019868,7.48344370860927,29.5761589403974,12.5165562913907,14.7218543046358,17.3245033112583,13.317880794702,12.523178807947
"2",1,396.993150684931,0.158060959967317,5.92134679364206,7.12090199967601,7.4751953104009,6.27422170113628,7.00022206559857,5.29269423342937,0.387278113936899,5.97852272779645,3.26027397260274,2.95890410958904,28.4915068493151,16.3637671232877,19.153698630137,17.3058904109589,8.21095890410959,10.5427397260274,26.3698630136986,15.8767123287671,18.3424657534247,14.5479452054795,10.3493150684932,6.91095890410959,8.04794520547945,8.47260273972603,7.53424657534247,7.6986301369863,34.3219178082192,12.1712328767123,13.7945205479452,18.8767123287671,8.38356164383562,12.1301369863014
